timestamp,value
2011-07-01 00:00:01,-0.5887540308991547
2011-07-01 01:00:01,-0.08450885613153299
2011-07-01 02:00:01,-1.0824232267229708
2011-07-01 03:00:01,-0.9238373323688088
2011-07-01 04:00:01,0.01979303976561676
2011-07-01 05:00:01,0.6395766225647704
2011-07-01 06:00:01,1.5186654463355054
2011-07-01 07:00:01,1.3786182692948317
2011-07-01 08:00:01,3.452116012481499
2011-07-01 09:00:01,3.69938905440413
2011-07-01 10:00:01,2.1413022724061292
2011-07-01 11:00:01,1.7219600205589558
2011-07-01 12:00:01,1.2987147791779021
2011-07-01 13:00:01,1.2454097391031957
2011-07-01 14:00:01,1.0312320594649322
2011-07-01 15:00:01,0.9822482444087903
2011-07-01 16:00:01,0.322727903579779
2011-07-01 17:00:01,0.057537873076438095
2011-07-01 18:00:01,-0.09214210718596319
2011-07-01 19:00:01,-0.3023498110526507
2011-07-01 20:00:01,-0.6323243247815556
2011-07-01 21:00:01,-0.5112632788402296
2011-07-01 22:00:01,-0.4494189894137617
2011-07-01 23:00:01,-0.08867646667771042
2011-07-02 00:00:01,0.47833374993689265
2011-07-02 01:00:01,-0.3215570867056524
2011-07-02 02:00:01,-0.5187959974259713
2011-07-02 03:00:01,-0.9590700649276055
2011-07-02 04:00:01,-0.9053147552886521
2011-07-02 05:00:01,-0.8302348365470095
2011-07-02 06:00:01,0.3461607992608027
2011-07-02 07:00:01,1.1751280012797063
2011-07-02 08:00:01,2.588488689190281
2011-07-02 09:00:01,1.4681030685595664
2011-07-02 10:00:01,1.5834777616291917
2011-07-02 11:00:01,1.220323774331768
2011-07-02 12:00:01,1.2569610638695734
2011-07-02 13:00:01,1.231710084996706
2011-07-02 14:00:01,1.4983978963502402
2011-07-02 15:00:01,1.2223331107854312
2011-07-02 16:00:01,0.010709734471184899
2011-07-02 17:00:01,-0.277197292438761
2011-07-02 18:00:01,-0.7520882336367507
2011-07-02 19:00:01,-0.8144292417770337
2011-07-02 20:00:01,-0.9141556373132522
2011-07-02 21:00:01,-1.3232591211269307
2011-07-02 22:00:01,-1.153707239978393
2011-07-02 23:00:01,-1.0755797983667206
2011-07-03 00:00:01,-1.337338169214631
2011-07-03 01:00:01,-1.2767160579238208
2011-07-03 02:00:01,-1.243565068089333
2011-07-03 03:00:01,-1.4984113802802044
2011-07-03 04:00:01,-1.2664016911303397
2011-07-03 05:00:01,-0.9689896430126039
2011-07-03 06:00:01,-0.29231852948279574
2011-07-03 07:00:01,0.675942262014926
2011-07-03 08:00:01,3.447297599889318
2011-07-03 09:00:01,2.0845114817698462
2011-07-03 10:00:01,1.2189549654755658
2011-07-03 11:00:01,1.3495591821433877
2011-07-03 12:00:01,0.6319762267794343
2011-07-03 13:00:01,0.6514756460991868
2011-07-03 14:00:01,0.5821817223505428
2011-07-03 15:00:01,0.37253194160002273
2011-07-03 16:00:01,-0.36560375459924416
2011-07-03 17:00:01,-0.6533746681346725
2011-07-03 18:00:01,-0.8715718953525425
2011-07-03 19:00:01,-1.0293136153358036
2011-07-03 20:00:01,-1.163722073107936
2011-07-03 21:00:01,-1.5007092331738194
2011-07-03 22:00:01,-1.5300022095936294
2011-07-03 23:00:01,-1.445041403475733
2011-07-04 00:00:01,-1.6708886754617556
2011-07-04 01:00:01,-1.5897891641100619
2011-07-04 02:00:01,-1.7596887644217731
2011-07-04 03:00:01,-1.9457602874672801
2011-07-04 04:00:01,-1.763328163910143
2011-07-04 05:00:01,-1.192294728072867
2011-07-04 06:00:01,-0.13127261879168814
2011-07-04 07:00:01,0.601397470579455
2011-07-04 08:00:01,2.3953419713930555
2011-07-04 09:00:01,2.202934357291532
2011-07-04 10:00:01,1.337975045699959
2011-07-04 11:00:01,0.5925660122573766
2011-07-04 12:00:01,0.7568967088495037
2011-07-04 13:00:01,0.28367377793761
2011-07-04 14:00:01,0.651559549470966
2011-07-04 15:00:01,0.269058265000632
2011-07-04 16:00:01,-0.45704813674712863
2011-07-04 17:00:01,-0.4753378395481842
2011-07-04 18:00:01,-0.9069210630970598
2011-07-04 19:00:01,-1.0477325325984324
2011-07-04 20:00:01,-1.1401735967199471
2011-07-04 21:00:01,-1.2318833988066769
2011-07-04 22:00:01,-1.2253405578570533
2011-07-04 23:00:01,-1.2508082650950558
2011-07-05 00:00:01,-1.373322630742296
2011-07-05 01:00:01,-1.7537754215741514
2011-07-05 02:00:01,-1.6712069333268087
2011-07-05 03:00:01,-1.9138788567909577
2011-07-05 04:00:01,-1.6900160019916313
2011-07-05 05:00:01,-1.0918336065547356
2011-07-05 06:00:01,-0.20765594463350434
2011-07-05 07:00:01,0.47138392505566695
2011-07-05 08:00:01,2.2239481311840694
2011-07-05 09:00:01,1.3263144604116814
2011-07-05 10:00:01,0.9413869118532336
2011-07-05 11:00:01,1.1197973330146807
2011-07-05 12:00:01,0.3386036863448807
2011-07-05 13:00:01,0.5703601148510884
2011-07-05 14:00:01,0.5184499124375653
2011-07-05 15:00:01,0.11542842931686918
2011-07-05 16:00:01,-0.3251613958150467
2011-07-05 17:00:01,-0.5736011327642925
2011-07-05 18:00:01,-0.8101296968013232
2011-07-05 19:00:01,-0.7737812494326555
2011-07-05 20:00:01,-0.9291488720260868
2011-07-05 21:00:01,-1.0643703135272493
2011-07-05 22:00:01,-1.509853045243746
2011-07-05 23:00:01,-1.3861563862529847
2011-07-06 00:00:01,-1.2617715006868813
2011-07-06 01:00:01,-1.5169442996800222
2011-07-06 02:00:01,-1.804627135796603
2011-07-06 03:00:01,-1.9667353017837683
2011-07-06 04:00:01,-1.2867111085555651
2011-07-06 05:00:01,-0.11411559732289195
2011-07-06 06:00:01,0.21355208508437615
2011-07-06 07:00:01,0.5015814317945307
2011-07-06 08:00:01,2.0658653246130707
2011-07-06 09:00:01,2.2543024457622525
2011-07-06 10:00:01,1.0927158130183048
2011-07-06 11:00:01,1.1558087211038517
2011-07-06 12:00:01,1.5297126993179624
2011-07-06 13:00:01,0.2839755001011796
2011-07-06 14:00:01,0.36563372770525626
2011-07-06 15:00:01,0.4590063854724363
2011-07-06 16:00:01,-0.434268397820672
2011-07-06 17:00:01,-0.3337493878632548
2011-07-06 18:00:01,-0.5632960892927443
2011-07-06 19:00:01,-0.39447615598503316
2011-07-06 20:00:01,-0.5007315670897623
2011-07-06 21:00:01,-0.2679478976153611
2011-07-06 22:00:01,-0.6275564204361982
2011-07-06 23:00:01,-0.8316724748226568
2011-07-07 00:00:01,-1.27025846683104
2011-07-07 01:00:01,-1.4806312165674278
2011-07-07 02:00:01,-1.8354527632498774
2011-07-07 03:00:01,-1.9350345503947937
2011-07-07 04:00:01,-1.7651860784647408
2011-07-07 05:00:01,-1.2426087148955982
2011-07-07 06:00:01,-0.9921126751949699
2011-07-07 07:00:01,-0.6902549744113732
2011-07-07 08:00:01,1.0399886800065854
2011-07-07 09:00:01,0.9650514480544775
2011-07-07 10:00:01,0.8442529945789374
2011-07-07 11:00:01,-0.23116990542419427
2011-07-07 12:00:01,-0.2033406903105929
2011-07-07 13:00:01,-0.6537435687257633
2011-07-07 14:00:01,-0.451797445328936
2011-07-07 15:00:01,-0.5625376086063435
2011-07-07 16:00:01,-1.111178100320192
2011-07-07 17:00:01,-1.1454934075515524
2011-07-07 18:00:01,-1.274625257838554
2011-07-07 19:00:01,-1.3792663107284662
2011-07-07 20:00:01,-1.132712877314527
2011-07-07 21:00:01,-0.9535207123652818
2011-07-07 22:00:01,-1.0262290204470201
2011-07-07 23:00:01,-1.098644139580973
2011-07-08 00:00:01,-1.4496264525575955
2011-07-08 01:00:01,-1.7439961062996017
2011-07-08 02:00:01,-1.9193743532595005
2011-07-08 03:00:01,-2.157405651404154
2011-07-08 04:00:01,-1.8615733781810604
2011-07-08 05:00:01,-1.3948836282600265
2011-07-08 06:00:01,-0.716598003986241
2011-07-08 07:00:01,0.11345253356071805
2011-07-08 08:00:01,0.14545566321753578
2011-07-08 09:00:01,0.8447121258217352
2011-07-08 10:00:01,0.36104031359112576
2011-07-08 11:00:01,-0.10448074914129837
2011-07-08 12:00:01,-0.36190462308365695
2011-07-08 13:00:01,-0.5858856280863485
2011-07-08 14:00:01,-0.7203699598920037
2011-07-08 15:00:01,-0.626235838646289
2011-07-08 16:00:01,-1.150394494500376
2011-07-08 17:00:01,-0.9110016409687888
2011-07-08 18:00:01,-0.9662206686598994
2011-07-08 19:00:01,-1.3043436251413392
2011-07-08 20:00:01,-1.509428020690475
2011-07-08 21:00:01,-1.3390018463040108
2011-07-08 22:00:01,-1.480482108788266
2011-07-08 23:00:01,-1.539583124082684
2011-07-09 00:00:01,-1.5093682390614844
2011-07-09 01:00:01,-1.407630353598592
2011-07-09 02:00:01,-1.6376355549971404
2011-07-09 03:00:01,-1.8080827302171858
2011-07-09 04:00:01,-1.331766755864697
2011-07-09 05:00:01,-1.07542769916774
2011-07-09 06:00:01,-0.5576074477602221
2011-07-09 07:00:01,0.04080571055977286
2011-07-09 08:00:01,1.054379983290851
2011-07-09 09:00:01,0.6810410523832922
2011-07-09 10:00:01,0.21090586111559756
2011-07-09 11:00:01,0.268816683875821
2011-07-09 12:00:01,0.025396137029716517
2011-07-09 13:00:01,-0.5085209958927441
2011-07-09 14:00:01,-0.8212494225795075
2011-07-09 15:00:01,-0.9779995157540493
2011-07-09 16:00:01,-1.212336444639622
2011-07-09 17:00:01,-1.501409674614347
2011-07-09 18:00:01,-0.846529501976901
2011-07-09 19:00:01,-0.8040782346692259
2011-07-09 20:00:01,-0.9624607453439216
2011-07-09 21:00:01,-0.9502823542314041
2011-07-09 22:00:01,-1.4513123581585508
2011-07-09 23:00:01,-1.2235291036887672
2011-07-10 00:00:01,-1.0056484088316668
2011-07-10 01:00:01,-1.376894227902963
2011-07-10 02:00:01,-1.8013795793176943
2011-07-10 03:00:01,-1.8611072874061985
2011-07-10 04:00:01,-1.6783698719706608
2011-07-10 05:00:01,-1.3330590027229317
2011-07-10 06:00:01,-0.9050021184252651
2011-07-10 07:00:01,-0.3807317483951088
2011-07-10 08:00:01,1.4065422814948918
2011-07-10 09:00:01,0.612458747966807
2011-07-10 10:00:01,0.44978741823002955
2011-07-10 11:00:01,0.28752243879406775
2011-07-10 12:00:01,-0.04147440884328404
2011-07-10 13:00:01,-0.6252489158735123
2011-07-10 14:00:01,-0.3935592935384062
2011-07-10 15:00:01,-0.5120433071597286
2011-07-10 16:00:01,-0.6377594330593104
2011-07-10 17:00:01,-0.7891602915915635
2011-07-10 18:00:01,-1.2277755522516567
2011-07-10 19:00:01,-1.205011497076937
2011-07-10 20:00:01,-1.294467776492924
2011-07-10 21:00:01,-1.366312711734976
2011-07-10 22:00:01,-1.3665948832097294
2011-07-10 23:00:01,-1.3737712104930042
2011-07-11 00:00:01,-1.7263361340944081
2011-07-11 01:00:01,-1.8028757289810948
2011-07-11 02:00:01,-1.8604886396847742
2011-07-11 03:00:01,-1.5836425805587604
2011-07-11 04:00:01,-1.3932370509536995
2011-07-11 05:00:01,-0.6504243865770802
2011-07-11 06:00:01,-0.3370447475519612
2011-07-11 07:00:01,0.23982296023989916
2011-07-11 08:00:01,1.4144850360452441
2011-07-11 09:00:01,0.8047816845768189
2011-07-11 10:00:01,0.5680197117593273
2011-07-11 11:00:01,0.13648311580781144
2011-07-11 12:00:01,-0.11129478293501222
2011-07-11 13:00:01,-0.3625114550103282
2011-07-11 14:00:01,-0.5548801404895183
2011-07-11 15:00:01,-0.7610628890299466
2011-07-11 16:00:01,-0.95655879763362
2011-07-11 17:00:01,-0.6449590106388388
2011-07-11 18:00:01,-0.9047481146652092
2011-07-11 19:00:01,-0.9760545901475814
2011-07-11 20:00:01,-1.07075179125869
2011-07-11 21:00:01,-1.5695663484227518
2011-07-11 22:00:01,-1.6955662850956812
2011-07-11 23:00:01,-1.7230708332791893
2011-07-12 00:00:01,-1.8164912269839466
2011-07-12 01:00:01,-1.8448472557461997
2011-07-12 02:00:01,-1.9026231190506098
2011-07-12 03:00:01,-2.206938886652451
2011-07-12 04:00:01,-1.83368655390128
2011-07-12 05:00:01,-1.4991648859650382
2011-07-12 06:00:01,-0.7399874441344625
2011-07-12 07:00:01,-0.5149506395139688
2011-07-12 08:00:01,0.9811756818048674
2011-07-12 09:00:01,0.8582977115920875
2011-07-12 10:00:01,0.6170946796361947
2011-07-12 11:00:01,0.42980142433732155
2011-07-12 12:00:01,0.33361362807497613
2011-07-12 13:00:01,-0.1798021651650409
2011-07-12 14:00:01,-0.20706129177750443
2011-07-12 15:00:01,-0.39828203707874643
2011-07-12 16:00:01,-0.6311520237405414
2011-07-12 17:00:01,-0.5341798660746444
2011-07-12 18:00:01,-0.9450559249055968
2011-07-12 19:00:01,-0.8850094954259847
2011-07-12 20:00:01,-0.893483241120166
2011-07-12 21:00:01,-0.7902600374261581
2011-07-12 22:00:01,-0.9380645386567064
2011-07-12 23:00:01,-1.166286773291472
2011-07-13 00:00:01,-1.2665917315887678
2011-07-13 01:00:01,-1.3452537635592587
2011-07-13 02:00:01,-1.5487500353042842
2011-07-13 03:00:01,-1.749884770782403
2011-07-13 04:00:01,-1.1889780530551735
2011-07-13 05:00:01,-0.6843772290608252
2011-07-13 06:00:01,0.07867459663165842
2011-07-13 07:00:01,1.0547786045501975
2011-07-13 08:00:01,2.110387720826097
2011-07-13 09:00:01,1.7446323266747257
2011-07-13 10:00:01,1.145174123984684
2011-07-13 11:00:01,1.29239212733555
2011-07-13 12:00:01,0.10252598766559481
2011-07-13 13:00:01,0.23385297327263344
2011-07-13 14:00:01,0.5162269853208274
2011-07-13 15:00:01,0.23374555151487067
2011-07-13 16:00:01,0.3165677131708991
2011-07-13 17:00:01,-0.6285218787426043
2011-07-13 18:00:01,-0.7900382079737036
2011-07-13 19:00:01,-1.1114134691623252
2011-07-13 20:00:01,-1.1428802958916389
2011-07-13 21:00:01,-1.454711715033932
2011-07-13 22:00:01,-1.2769580135435055
2011-07-13 23:00:01,-1.0174527069457375
2011-07-14 00:00:01,-1.1491077461751606
2011-07-14 01:00:01,-1.4098210675683236
2011-07-14 02:00:01,-1.6715417316519134
2011-07-14 03:00:01,-1.7503885523914995
2011-07-14 04:00:01,-0.7807550426914247
2011-07-14 05:00:01,0.5872466268506666
2011-07-14 06:00:01,0.06892842512292673
2011-07-14 07:00:01,0.44562726096258537
2011-07-14 08:00:01,1.8387599714675518
2011-07-14 09:00:01,0.9590334717714403
2011-07-14 10:00:01,0.5282144260180754
2011-07-14 11:00:01,0.101860401269866
2011-07-14 12:00:01,1.1141223781087575
2011-07-14 13:00:01,2.107323055286604
2011-07-14 14:00:01,1.2331268303945273
2011-07-14 15:00:01,0.33474161237424593
2011-07-14 16:00:01,0.018070073859990585
2011-07-14 17:00:01,-0.214419063472534
2011-07-14 18:00:01,-0.41903249184692565
2011-07-14 19:00:01,-0.7361943731568672
2011-07-14 20:00:01,-1.0601807199493563
2011-07-14 21:00:01,-0.9834679487210551
2011-07-14 22:00:01,-1.1484560471405252
2011-07-14 23:00:01,-1.0362404970218706
2011-07-15 00:00:01,-1.0452426084970008
2011-07-15 01:00:01,-1.1125685292494292
2011-07-15 02:00:01,-1.4000953239556266
2011-07-15 03:00:01,-1.57197361717513
2011-07-15 04:00:01,-1.0697462575565115
2011-07-15 05:00:01,-0.5540586638131617
2011-07-15 06:00:01,-0.13521743395535407
2011-07-15 07:00:01,0.7848241937963375
2011-07-15 08:00:01,1.2036790584079033
2011-07-15 09:00:01,1.239539409778166
2011-07-15 10:00:01,0.1794069245046565
2011-07-15 11:00:01,0.7897300761367188
2011-07-15 12:00:01,1.545344302750343
2011-07-15 13:00:01,0.568932072701199
2011-07-15 14:00:01,0.6043454396893138
2011-07-15 15:00:01,0.5165199046371666
2011-07-15 16:00:01,0.7084975521528727
2011-07-15 17:00:01,0.10984342768704453
2011-07-15 18:00:01,0.1809420523180427
2011-07-15 19:00:01,-0.015934928532555348
2011-07-15 20:00:01,-0.6996384495265733
2011-07-15 21:00:01,-0.6635415867952834
2011-07-15 22:00:01,-1.0421639590938359
2011-07-15 23:00:01,-1.0037207248728826
2011-07-16 00:00:01,-1.1560180648713565
2011-07-16 01:00:01,-1.3102993838620642
2011-07-16 02:00:01,-1.4894431646322137
2011-07-16 03:00:01,-1.657019933676292
2011-07-16 04:00:01,-1.2578486364249597
2011-07-16 05:00:01,-0.9706255244124482
2011-07-16 06:00:01,-0.5131907399260597
2011-07-16 07:00:01,0.8037202170861941
2011-07-16 08:00:01,0.9355604256930864
2011-07-16 09:00:01,0.9441255191106465
2011-07-16 10:00:01,0.24967802961129823
2011-07-16 11:00:01,0.6714022909805016
2011-07-16 12:00:01,0.8231825686417388
2011-07-16 13:00:01,0.4437972190588406
2011-07-16 14:00:01,0.8903727283612387
2011-07-16 15:00:01,0.644123095374783
2011-07-16 16:00:01,0.13218406681425954
2011-07-16 17:00:01,-0.42343215504684084
2011-07-16 18:00:01,-0.5018495954354639
2011-07-16 19:00:01,-0.49806403980849273
2011-07-16 20:00:01,-0.3855578986564434
2011-07-16 21:00:01,-0.6278935196728446
2011-07-16 22:00:01,-0.30065807448005805
2011-07-16 23:00:01,-0.19928055291768
2011-07-17 00:00:01,-0.5784267429444377
2011-07-17 01:00:01,-0.5299411757806166
2011-07-17 02:00:01,-0.9018345214820009
2011-07-17 03:00:01,-1.0370185415135398
2011-07-17 04:00:01,-0.35549778382006225
2011-07-17 05:00:01,-0.45625272060250566
2011-07-17 06:00:01,-0.16316782418000692
2011-07-17 07:00:01,0.9525620557600625
2011-07-17 08:00:01,0.8264642576250366
2011-07-17 09:00:01,0.35755226649411126
2011-07-17 10:00:01,0.04273607440781027
2011-07-17 11:00:01,0.6477768971309791
2011-07-17 12:00:01,0.4915929333258301
2011-07-17 13:00:01,0.5642878997252825
2011-07-17 14:00:01,0.779199352365823
2011-07-17 15:00:01,0.6461056757482063
2011-07-17 16:00:01,0.06438343381382752
2011-07-17 17:00:01,-0.2858135897939628
2011-07-17 18:00:01,-0.6928446665805076
2011-07-17 19:00:01,-0.9683690751955514
2011-07-17 20:00:01,-0.46708387949101965
2011-07-17 21:00:01,-0.6086481303964552
2011-07-17 22:00:01,-0.746047674309533
2011-07-17 23:00:01,-0.976560447254397
2011-07-18 00:00:01,-0.5550437566036577
2011-07-18 01:00:01,-1.3520178215588048
2011-07-18 02:00:01,-1.4108705704232964
2011-07-18 03:00:01,-1.4486037745790097
2011-07-18 04:00:01,-1.3180180390398935
2011-07-18 05:00:01,-0.6228771280110492
2011-07-18 06:00:01,-0.561702744583235
2011-07-18 07:00:01,-0.09903086903137284
2011-07-18 08:00:01,0.9453130653561198
2011-07-18 09:00:01,0.700470171936414
2011-07-18 10:00:01,0.32537930066073567
2011-07-18 11:00:01,0.9320942841980251
2011-07-18 12:00:01,0.3682278045555538
2011-07-18 13:00:01,0.23449971858435845
2011-07-18 14:00:01,0.2610397770509789
2011-07-18 15:00:01,0.9053598877610749
2011-07-18 16:00:01,0.19228173936147216
2011-07-18 17:00:01,0.3244818957950884
2011-07-18 18:00:01,-0.4481503408498792
2011-07-18 19:00:01,-1.0428807432336553
2011-07-18 20:00:01,-1.2101372531545562
2011-07-18 21:00:01,-1.1404589950406065
2011-07-18 22:00:01,-1.306361116683983
2011-07-18 23:00:01,-1.261242407488361
2011-07-19 00:00:01,-1.281286646191161
2011-07-19 01:00:01,-1.2327419843962562
2011-07-19 02:00:01,-1.2959637050118717
2011-07-19 03:00:01,-1.428987745293252
2011-07-19 04:00:01,-0.767928414220332
2011-07-19 05:00:01,-0.18207740670321756
2011-07-19 06:00:01,1.2999890237202008
2011-07-19 07:00:01,-0.7021475435898533
2011-07-19 08:00:01,0.7421903666744408
2011-07-19 09:00:01,1.0096372764269361
2011-07-19 10:00:01,0.6465156276773913
2011-07-19 11:00:01,0.32486697579987167
2011-07-19 12:00:01,0.19101581401204967
2011-07-19 13:00:01,-0.023856284053520922
2011-07-19 14:00:01,0.5307569708356045
2011-07-19 15:00:01,0.10006738909143202
2011-07-19 16:00:01,0.06571251580009764
2011-07-19 17:00:01,-0.4208483349953935
2011-07-19 18:00:01,-0.6869531863209402
2011-07-19 19:00:01,-0.6900142060262997
2011-07-19 20:00:01,-0.8815836158240284
2011-07-19 21:00:01,-0.9710006560803377
2011-07-19 22:00:01,-1.1022459675669547
2011-07-19 23:00:01,-1.2961323279254877
2011-07-20 00:00:01,-1.6220484705678915
2011-07-20 01:00:01,-1.6228418212833922
2011-07-20 02:00:01,-1.7110517897146422
2011-07-20 03:00:01,-1.8387661402002777
2011-07-20 04:00:01,-1.442907818714982
2011-07-20 05:00:01,-0.55404219850884
2011-07-20 06:00:01,-0.474261941149379
2011-07-20 07:00:01,0.3865420844573188
2011-07-20 08:00:01,1.159296582512935
2011-07-20 09:00:01,1.3069961572988575
2011-07-20 10:00:01,0.5331400120923153
2011-07-20 11:00:01,0.10195255086980896
2011-07-20 12:00:01,0.3902488266342423
2011-07-20 13:00:01,0.5919444111313127
2011-07-20 14:00:01,0.6278759161124854
2011-07-20 15:00:01,-0.006995161876600329
2011-07-20 16:00:01,0.09506658315783238
2011-07-20 17:00:01,-0.38961974360449775
2011-07-20 18:00:01,-0.7543042683750512
2011-07-20 19:00:01,-0.8812512928320035
2011-07-20 20:00:01,-0.5082938114915081
2011-07-20 21:00:01,-0.45816964303400326
2011-07-20 22:00:01,-0.47423751924025626
2011-07-20 23:00:01,-0.404893791916107
2011-07-21 00:00:01,-0.867857206019764
2011-07-21 01:00:01,-1.524151135638595
2011-07-21 02:00:01,-1.4179938828031329
2011-07-21 03:00:01,-1.5415156445079203
2011-07-21 04:00:01,-1.126703200860996
2011-07-21 06:00:01,-0.36063662969901866
2011-07-21 07:00:01,-0.10340775423405126
2011-07-21 08:00:01,1.6120453802648398
2011-07-21 09:00:01,0.3397829699962739
2011-07-21 10:00:01,0.5827892955732014
2011-07-21 11:00:01,0.4672804145851176
2011-07-21 12:00:01,0.7042349500267305
2011-07-21 13:00:01,0.7128256204372991
2011-07-21 14:00:01,0.8160908072622903
2011-07-21 15:00:01,0.6171488567213463
2011-07-21 16:00:01,0.02939539388161224
2011-07-21 17:00:01,-0.3875817934826895
2011-07-21 18:00:01,-0.3962843689131149
2011-07-21 19:00:01,-0.46503483916865296
2011-07-21 20:00:01,-0.6884324413415343
2011-07-21 21:00:01,-0.6560026428400603
2011-07-21 22:00:01,-0.8487248230530601
2011-07-21 23:00:01,-1.1566361975763488
2011-07-22 00:00:01,-1.3130269598273254
2011-07-22 01:00:01,-1.5306438925180927
2011-07-22 02:00:01,-1.7113068444511912
2011-07-22 03:00:01,-1.8459974834108932
2011-07-22 04:00:01,-1.204388838336103
2011-07-22 05:00:01,-1.066526576287113
2011-07-22 06:00:01,-0.9293710128875488
2011-07-22 07:00:01,-0.3422983161665457
2011-07-22 08:00:01,0.6494216480069034
2011-07-22 09:00:01,0.7056175739997693
2011-07-22 10:00:01,0.6228789947122905
2011-07-22 11:00:01,-0.011949655852674938
2011-07-22 12:00:01,0.3796838491474027
2011-07-22 13:00:01,0.7006492622681513
2011-07-22 14:00:01,0.7085584480102542
2011-07-22 15:00:01,0.4772380843803709
2011-07-22 16:00:01,0.20609138019777762
2011-07-22 17:00:01,-0.23540188390150743
2011-07-22 18:00:01,-0.4434730345503109
2011-07-22 19:00:01,-1.1830018657031327
2011-07-22 20:00:01,-1.0679733105081461
2011-07-22 21:00:01,-0.8973051687938437
2011-07-22 22:00:01,-0.9120561340171691
2011-07-22 23:00:01,-1.0248256180893822
2011-07-23 00:00:01,-1.3095090870237025
2011-07-23 01:00:01,-1.0983007915288903
2011-07-23 02:00:01,-1.7450654944967439
2011-07-23 03:00:01,-1.9233891559476688
2011-07-23 04:00:01,-1.0397053733989376
2011-07-23 05:00:01,-0.7029409411320376
2011-07-23 06:00:01,-1.33045102406091
2011-07-23 07:00:01,-0.4216931823998052
2011-07-23 08:00:01,0.7822409566976655
2011-07-23 09:00:01,0.6305374635308167
2011-07-23 10:00:01,0.25644734592955953
2011-07-23 11:00:01,0.4988050607470649
2011-07-23 12:00:01,0.6749717288956134
2011-07-23 13:00:01,0.4706646507733913
2011-07-23 14:00:01,0.7048427168534434
2011-07-23 15:00:01,0.3160545113992999
2011-07-23 16:00:01,-0.5293299011805107
2011-07-23 17:00:01,-0.958545991932603
2011-07-23 18:00:01,-1.1798524140463196
2011-07-23 19:00:01,-1.2236985233408788
2011-07-23 20:00:01,-1.3826792945867599
2011-07-23 21:00:01,-1.5187740332670876
2011-07-23 22:00:01,-1.3037692072977767
2011-07-23 23:00:01,-1.556611050753816
2011-07-24 00:00:01,-1.484928508445572
2011-07-24 01:00:01,-1.732245845223499
2011-07-24 02:00:01,-1.9738406658996672
2011-07-24 03:00:01,-2.151474750486297
2011-07-24 04:00:01,-1.326580387750868
2011-07-24 05:00:01,-1.099266059071559
2011-07-24 06:00:01,-1.5408173632024
2011-07-24 07:00:01,-0.6846172054511468
2011-07-24 08:00:01,0.1349850385922093
2011-07-24 09:00:01,0.17899913587099786
2011-07-24 10:00:01,0.28322388190466374
2011-07-24 11:00:01,0.1894699470737076
2011-07-24 12:00:01,0.08771600393345351
2011-07-24 13:00:01,0.012447001193740835
2011-07-24 14:00:01,1.0425706855996548
2011-07-24 15:00:01,0.17510248898974162
2011-07-24 16:00:01,-0.595125399136857
2011-07-24 17:00:01,-0.8249439849119361
2011-07-24 18:00:01,-0.9334389935572172
2011-07-24 19:00:01,-1.3086626618263026
2011-07-24 20:00:01,-1.3918755992679759
2011-07-24 21:00:01,-1.4926535200862494
2011-07-24 22:00:01,-1.4187576248353504
2011-07-24 23:00:01,-1.5447431885627219
2011-07-25 00:00:01,-1.6139170888538803
2011-07-25 01:00:01,-1.9417927078942392
2011-07-25 02:00:01,-2.1342896906261606
2011-07-25 03:00:01,-2.223024316117004
2011-07-25 04:00:01,-1.624418908959697
2011-07-25 05:00:01,-0.7591807567636533
2011-07-25 06:00:01,-1.0220575594779229
2011-07-25 07:00:01,-0.5944444486228654
2011-07-25 08:00:01,0.9938102812014855
2011-07-25 09:00:01,0.04887451228942765
2011-07-25 10:00:01,0.08021961660415004
2011-07-25 11:00:01,0.2670604787335633
2011-07-25 12:00:01,0.38080591378777573
2011-07-25 13:00:01,0.40428889747623287
2011-07-25 14:00:01,0.5171809235485905
2011-07-25 15:00:01,0.6174117748510901
2011-07-25 16:00:01,0.14743446445761776
2011-07-25 17:00:01,-0.5651953947455998
2011-07-25 18:00:01,-0.8715440612653637
2011-07-25 19:00:01,-0.9041995953574861
2011-07-25 20:00:01,-1.1224906474996648
2011-07-25 21:00:01,-0.9830693633866749
2011-07-25 22:00:01,-0.7819579259980312
2011-07-25 23:00:01,-0.887229366489391
2011-07-26 00:00:01,-1.0422421452963975
2011-07-26 01:00:01,-1.5412547801110046
2011-07-26 02:00:01,-1.6211083724327775
2011-07-26 03:00:01,-1.7768065288973787
2011-07-26 04:00:01,-1.5183988678237406
2011-07-26 05:00:01,-0.9671636295882122
2011-07-26 06:00:01,-0.9671636295882122
2011-07-26 07:00:01,-0.8700447608842543
2011-07-26 08:00:01,1.0624945111256412
2011-07-26 09:00:01,0.25456712766614903
2011-07-26 10:00:01,0.4201470603156414
2011-07-26 11:00:01,0.10537362899042596
2011-07-26 12:00:01,0.22209109437304095
2011-07-26 13:00:01,-0.1857398948803411
2011-07-26 14:00:01,0.4139774874926024
2011-07-26 15:00:01,0.23574230035476515
2011-07-26 16:00:01,-0.5978460068089521
2011-07-26 17:00:01,-0.5699641887505043
2011-07-26 18:00:01,-0.34555921777288495
2011-07-26 19:00:01,-0.7154246811961267
2011-07-26 20:00:01,-1.018605819592493
2011-07-26 21:00:01,-1.0887251252039736
2011-07-26 22:00:01,-0.9403217346041424
2011-07-26 23:00:01,-0.7042102727150119
2011-07-27 00:00:01,-0.9121072022125752
2011-07-27 01:00:01,-0.9254055606139114
2011-07-27 02:00:01,-1.237991456598108
2011-07-27 03:00:01,-1.722939003828712
2011-07-27 04:00:01,-1.3386951499453108
2011-07-27 05:00:01,0.17724252389339162
2011-07-27 06:00:01,-0.7667848330658218
2011-07-27 07:00:01,-0.47131107205240336
2011-07-27 08:00:01,0.6639458593178352
2011-07-27 09:00:01,-0.09531987299981706
2011-07-27 10:00:01,0.3602280286600662
2011-07-27 11:00:01,0.5049721951374226
2011-07-27 12:00:01,0.24540563464819198
2011-07-27 13:00:01,0.3860237557953983
2011-07-27 14:00:01,0.5638134409711012
2011-07-27 15:00:01,0.2791753277385219
2011-07-27 16:00:01,0.23511102581549362
2011-07-27 17:00:01,0.07532483352784254
2011-07-27 18:00:01,-0.28877885035785256
2011-07-27 19:00:01,-0.4131813153321449
2011-07-27 20:00:01,-0.2916829729881376
2011-07-27 21:00:01,-0.24281832712122955
2011-07-27 22:00:01,0.06723029624553489
2011-07-27 23:00:01,-0.43039976834561805
2011-07-28 00:00:01,-0.6832851839386532
2011-07-28 01:00:01,-0.46875795339085563
2011-07-28 02:00:01,-0.8040686646162712
2011-07-28 03:00:01,-0.9325165377145495
2011-07-28 04:00:01,-0.6954543775837333
2011-07-28 05:00:01,0.25689797676845855
2011-07-28 06:00:01,-0.6355727508391499
2011-07-28 07:00:01,-1.182957147151443
2011-07-28 08:00:01,0.5330010352160021
2011-07-28 09:00:01,0.3492224197613456
2011-07-28 10:00:01,0.6710684324118456
2011-07-28 11:00:01,0.18285563499363117
2011-07-28 12:00:01,0.005107855993523566
2011-07-28 13:00:01,0.07317747683314976
2011-07-28 14:00:01,0.5123727020010375
2011-07-28 15:00:01,0.48589586133591467
2011-07-28 16:00:01,0.48589586133591467
2011-07-28 17:00:01,0.48589586133591467
2011-07-28 18:00:01,-0.3921799325704625
2011-07-28 19:00:01,-0.6430103238066627
2011-07-28 20:00:01,-0.35274677772321084
2011-07-28 21:00:01,-0.13142999425852506
2011-07-28 22:00:01,-0.6301116205607229
2011-07-28 23:00:01,-0.8530891080176811
2011-07-29 00:00:01,-0.8404496710161126
2011-07-29 01:00:01,-0.8767900367259922
2011-07-29 02:00:01,-0.8471367583263519
2011-07-29 03:00:01,-1.0136785371198047
2011-07-29 04:00:01,-0.8716084859672563
2011-07-29 05:00:01,-0.36031765473996713
2011-07-29 06:00:01,-0.6933646127346241
2011-07-29 07:00:01,-0.166293828796747
2011-07-29 08:00:01,1.6096029672860614
2011-07-29 09:00:01,0.5063329976803166
2011-07-29 10:00:01,0.9167360445604784
2011-07-29 11:00:01,0.38866906807586854
2011-07-29 12:00:01,0.8042803597764824
2011-07-29 13:00:01,0.6178786986422306
2011-07-29 14:00:01,0.47654911005162015
2011-07-29 15:00:01,0.33142118123333375
2011-07-29 16:00:01,-0.4783496418802793
2011-07-29 17:00:01,-0.5235798601769509
2011-07-29 18:00:01,-0.7420648822253236
2011-07-29 19:00:01,-0.6783050967489306
2011-07-29 20:00:01,-0.5125672055938444
2011-07-29 21:00:01,-0.3118834042192165
2011-07-29 22:00:01,-0.2759653829569215
2011-07-29 23:00:01,-0.019477805335308428
2011-07-30 00:00:01,-0.39039496677514973
2011-07-30 01:00:01,-0.6542026366455079
2011-07-30 02:00:01,-0.8575251139805777
2011-07-30 03:00:01,-0.822595632502951
2011-07-30 04:00:01,-0.8763408932850741
2011-07-30 05:00:01,-0.991499492370455
2011-07-30 06:00:01,-0.2075736489254764
2011-07-30 07:00:01,-0.23597752446585113
2011-07-30 08:00:01,0.843165933818332
2011-07-30 09:00:01,0.28134031283835
2011-07-30 10:00:01,-0.1008909798920261
2011-07-30 11:00:01,0.4413656919942476
2011-07-30 12:00:01,0.3471891304540414
2011-07-30 13:00:01,0.7036440501749378
2011-07-30 14:00:01,0.40214881872259906
2011-07-30 15:00:01,0.24939308953927822
2011-07-30 16:00:01,-0.26185318014535436
2011-07-30 17:00:01,-0.44125918794400204
2011-07-30 18:00:01,-0.3283120773319759
2011-07-30 19:00:01,-0.5320338054864537
2011-07-30 20:00:01,-0.6342988386702426
2011-07-30 21:00:01,-0.6805656379164757
2011-07-30 22:00:01,-0.5839191633143656
2011-07-30 23:00:01,-0.5223322308642357
2011-07-31 00:00:01,-0.6291751091823408
2011-07-31 01:00:01,-1.0013098304028099
2011-07-31 02:00:01,-1.1464927074670683
2011-07-31 03:00:01,-1.3838494073149277
2011-07-31 04:00:01,-1.236020181500668
2011-07-31 05:00:01,-1.2089078821272405
2011-07-31 06:00:01,-0.916344915227138
2011-07-31 07:00:01,-0.5354774350668108
2011-07-31 08:00:01,0.5927911368300732
2011-07-31 09:00:01,0.4824161692766926
2011-07-31 10:00:01,-0.24333092288842106
2011-07-31 11:00:01,-0.0712247687534492
2011-07-31 12:00:01,-0.16061650702345184
2011-07-31 13:00:01,-0.033002952308017995
2011-07-31 14:00:01,0.41829239689788433
2011-07-31 15:00:01,0.11511659215681798
2011-07-31 16:00:01,0.04715178911525482
2011-07-31 17:00:01,-0.16652680904219563
2011-07-31 18:00:01,-0.44221505387813753
2011-07-31 19:00:01,-0.3900034473512943
2011-07-31 20:00:01,-0.49174868878983496
2011-07-31 21:00:01,-0.5564502272060494
2011-07-31 22:00:01,-0.45977923880256466
2011-07-31 23:00:01,-0.6206511623513253
2011-08-01 00:00:01,-0.5146076080059964
2011-08-01 01:00:01,-0.6823217727386579
2011-08-01 02:00:01,-0.5089634322429029
2011-08-01 03:00:01,-1.3324023671584935
2011-08-01 04:00:01,-0.8624640323800687
2011-08-01 05:00:01,-0.5671340726721648
2011-08-01 06:00:01,-0.5257320016253553
2011-08-01 07:00:01,-0.32629154550302
2011-08-01 08:00:01,1.0023015897422598
2011-08-01 09:00:01,0.7162669412403946
2011-08-01 10:00:01,0.5692167155480063
2011-08-01 11:00:01,0.7479563101786
2011-08-01 12:00:01,0.11344222270690388
2011-08-01 13:00:01,0.29379029191325917
2011-08-01 14:00:01,0.39021205149974475
2011-08-01 15:00:01,0.31690616522550724
2011-08-01 16:00:01,-0.06901919472680214
2011-08-01 17:00:01,0.13110705849201135
2011-08-01 18:00:01,-0.48443296452427437
2011-08-01 19:00:01,-0.4311725684918631
2011-08-01 20:00:01,-0.589747803329989
2011-08-01 21:00:01,-0.40685325366478764
2011-08-01 22:00:01,-0.1852215662035963
2011-08-01 23:00:01,-0.08990416890923802
2011-08-02 00:00:01,-0.38037322934258283
2011-08-02 01:00:01,-0.5067072346638383
2011-08-02 02:00:01,-0.41152311351661425
2011-08-02 03:00:01,-1.0497632449438696
2011-08-02 04:00:01,-0.5526962691986105
2011-08-02 05:00:01,-0.2706095892524057
2011-08-02 06:00:01,-0.3778517904740742
2011-08-02 07:00:01,0.43359489804692675
2011-08-02 08:00:01,1.4433566632104968
2011-08-02 09:00:01,0.568503288434289
2011-08-02 10:00:01,0.5898197605157325
2011-08-02 11:00:01,0.8427353107279885
2011-08-02 12:00:01,0.6032775180680802
2011-08-02 13:00:01,0.5639857014380526
2011-08-02 14:00:01,1.0623041935080375
2011-08-02 15:00:01,0.6699575165187269
2011-08-02 16:00:01,0.5382917411321528
2011-08-02 17:00:01,0.006264540744771076
2011-08-02 18:00:01,-0.13199213589436204
2011-08-02 19:00:01,-0.08311409530121493
2011-08-02 20:00:01,0.06555090569079104
2011-08-02 21:00:01,0.04503234386931169
2011-08-02 22:00:01,0.06583494800925076
2011-08-02 23:00:01,-0.2803796499922766
2011-08-03 00:00:01,-0.3245630370928321
2011-08-03 01:00:01,-0.5497448624278958
2011-08-03 02:00:01,-0.8896389584489073
2011-08-03 03:00:01,-1.1177118570829854
2011-08-03 04:00:01,-0.8524806561172424
2011-08-03 05:00:01,-0.41681451153019683
2011-08-03 06:00:01,-0.6650008423718397
2011-08-03 07:00:01,0.33851672269487304
2011-08-03 08:00:01,0.9922274561683677
2011-08-03 09:00:01,1.1449024052016914
2011-08-03 10:00:01,0.9033469750284253
2011-08-03 11:00:01,-0.09513408279967073
2011-08-03 12:00:01,0.15515301403970438
2011-08-03 13:00:01,0.6098888532412295
2011-08-03 14:00:01,0.5013950803027294
2011-08-03 15:00:01,0.8712398684021762
2011-08-03 16:00:01,0.5437081826229194
2011-08-03 17:00:01,0.02415932922596729
2011-08-03 18:00:01,-0.2693354474536732
2011-08-03 19:00:01,0.25687484618355094
2011-08-03 20:00:01,-0.2977869843332853
2011-08-03 21:00:01,-0.3599772613288626
2011-08-03 22:00:01,-0.4868844074837132
2011-08-03 23:00:01,-0.998202459841224
2011-08-04 00:00:01,-1.372926993401723
2011-08-04 01:00:01,-1.4473943992185256
2011-08-04 02:00:01,-1.6129026569759697
2011-08-04 03:00:01,-1.7272801868843581
2011-08-04 04:00:01,-1.1554284715415482
2011-08-04 05:00:01,-0.3288976624589723
2011-08-04 06:00:01,-0.6646567148692433
2011-08-04 07:00:01,0.6690354408041287
2011-08-04 08:00:01,2.694616485631468
2011-08-04 09:00:01,1.5858418443349371
2011-08-04 10:00:01,0.41969258372344564
2011-08-04 11:00:01,0.6009642912336871
2011-08-04 12:00:01,0.4993995149083802
2011-08-04 13:00:01,0.37916731480666716
2011-08-04 14:00:01,0.44849737079389723
2011-08-04 15:00:01,0.28854001280647473
2011-08-04 16:00:01,0.45545463680097675
2011-08-04 17:00:01,0.17499898514948237
2011-08-04 18:00:01,-0.3294908164489903
2011-08-04 19:00:01,-0.22946368765380465
2011-08-04 20:00:01,-0.3410960933195633
2011-08-04 21:00:01,-0.22592879389926065
2011-08-04 22:00:01,-0.11295296523300104
2011-08-04 23:00:01,-0.16911191351867463
2011-08-05 00:00:01,-0.5394792311855966
2011-08-05 01:00:01,-1.0560069468586573
2011-08-05 02:00:01,-1.1580800219907146
2011-08-05 03:00:01,-1.0779386510620432
2011-08-05 04:00:01,-0.995206215335215
2011-08-05 05:00:01,0.20498483486428917
2011-08-05 06:00:01,-0.18274352410476027
2011-08-05 07:00:01,0.5862105562390186
2011-08-05 08:00:01,2.019773686722217
2011-08-05 09:00:01,1.0812570433826894
2011-08-05 10:00:01,0.6112183343246157
2011-08-05 11:00:01,0.6846742559726902
2011-08-05 12:00:01,0.05433272449224866
2011-08-05 13:00:01,0.5518213240985124
2011-08-05 14:00:01,0.7647146866248563
2011-08-05 15:00:01,0.4395314542192467
2011-08-05 16:00:01,0.5095038078430822
2011-08-05 17:00:01,0.6350731726966462
2011-08-05 18:00:01,0.05827446673857276
2011-08-05 19:00:01,0.06193752463639109
2011-08-05 20:00:01,0.04034662491621488
2011-08-05 21:00:01,-0.6056299366905205
2011-08-05 22:00:01,-0.06171822304567055
2011-08-05 23:00:01,-0.2394085499686836
2011-08-06 00:00:01,-0.21893569638324895
2011-08-06 01:00:01,-0.6267274123723985
2011-08-06 02:00:01,-0.6121391673152395
2011-08-06 03:00:01,-0.6507113459690302
2011-08-06 04:00:01,-0.010643666501360203
2011-08-06 05:00:01,-0.21356783494076956
2011-08-06 06:00:01,0.05801543406133404
2011-08-06 07:00:01,0.8879170935597609
2011-08-06 08:00:01,1.8506916447394572
2011-08-06 09:00:01,0.36297992857020556
2011-08-06 10:00:01,-0.11918399946555124
2011-08-06 11:00:01,0.4966941673746437
2011-08-06 12:00:01,1.266664176680446
2011-08-06 13:00:01,0.4080361821209321
2011-08-06 14:00:01,1.101653372943827
2011-08-06 15:00:01,0.46775314780240257
2011-08-06 16:00:01,0.7758082736528972
2011-08-06 17:00:01,0.5001054291767638
2011-08-06 18:00:01,0.32715642755243196
2011-08-06 19:00:01,0.07111173598791287
2011-08-06 20:00:01,0.2448571515174468
2011-08-06 21:00:01,0.22731997762281814
2011-08-06 22:00:01,0.9082406961583313
2011-08-06 23:00:01,0.3111479489542645
2011-08-07 00:00:01,-0.11670572602914231
2011-08-07 01:00:01,-0.23273671738003948
2011-08-07 02:00:01,-0.29983504754518314
2011-08-07 03:00:01,-0.4663353567268408
2011-08-07 04:00:01,-0.29895885786215676
2011-08-07 05:00:01,-0.5081968764411159
2011-08-07 06:00:01,-0.285327573180182
2011-08-07 07:00:01,1.0591762296123428
2011-08-07 08:00:01,2.7555920951931427
2011-08-07 09:00:01,1.0522802546461718
2011-08-07 10:00:01,0.6370425712727119
2011-08-07 11:00:01,0.0015534601942934832
2011-08-07 12:00:01,0.35801055005949667
2011-08-07 13:00:01,0.6497428425578636
2011-08-07 14:00:01,0.7019534440750937
2011-08-07 15:00:01,0.6666675872369454
2011-08-07 16:00:01,0.1811638946645867
2011-08-07 17:00:01,0.3630875520853321
2011-08-07 18:00:01,0.3669777045438037
2011-08-07 19:00:01,0.4163025959530564
2011-08-07 20:00:01,0.9024799024923558
2011-08-07 21:00:01,-0.49188063018377726
2011-08-07 22:00:01,-0.48678414290610994
2011-08-07 23:00:01,-0.1793801207829859
2011-08-08 00:00:01,-0.6202582681578324
2011-08-08 01:00:01,-0.6064904993421647
2011-08-08 02:00:01,-0.9824901394188339
2011-08-08 03:00:01,-1.1287918004864665
2011-08-08 04:00:01,-0.8898659574883447
2011-08-08 05:00:01,-0.08137269484451995
2011-08-08 06:00:01,0.002054277769798762
2011-08-08 07:00:01,0.892950227516058
2011-08-08 08:00:01,2.867339114248264
2011-08-08 09:00:01,0.8709160387903443
2011-08-08 10:00:01,1.0113285597258903
2011-08-08 11:00:01,1.055032497914435
2011-08-08 12:00:01,0.986060643818934
2011-08-08 13:00:01,0.7598053438714364
2011-08-08 14:00:01,0.9779211658472619
2011-08-08 15:00:01,1.3316190151845484
2011-08-08 16:00:01,1.150895407540182
2011-08-08 17:00:01,0.6842564805718815
2011-08-08 19:00:01,0.17588429601757793
2011-08-08 20:00:01,-0.1337920749590066
2011-08-08 21:00:01,0.11962659275003897
2011-08-08 22:00:01,0.07977407375687136
2011-08-08 23:00:01,-0.05885646493449505
2011-08-09 00:00:01,-0.597181684309703
2011-08-09 01:00:01,-1.00645935242759
2011-08-09 02:00:01,-0.7870446525094088
2011-08-09 03:00:01,-1.0316529931443752
2011-08-09 04:00:01,-0.6581258020788447
2011-08-09 05:00:01,-0.3855875064680637
2011-08-09 06:00:01,-0.3667564014992795
2011-08-09 07:00:01,0.2706101324194103
2011-08-09 08:00:01,2.441510916094164
2011-08-09 09:00:01,0.71861798970887
2011-08-09 10:00:01,0.6109473342484942
2011-08-09 11:00:01,0.35118849406982605
2011-08-09 12:00:01,0.5741833863296145
2011-08-09 13:00:01,0.5441875238460102
2011-08-09 14:00:01,0.7256922918273068
2011-08-09 15:00:01,1.731630620074277
2011-08-09 16:00:01,0.8384145561998883
2011-08-09 17:00:01,0.9201244331554538
2011-08-09 18:00:01,0.12455452937910115
2011-08-09 19:00:01,0.2295467558592134
2011-08-09 20:00:01,0.30317532586426027
2011-08-09 21:00:01,0.2151656749579351
2011-08-09 22:00:01,0.1940289620168422
2011-08-09 23:00:01,-0.21969257165028214
2011-08-10 00:00:01,-0.44426255872467807
2011-08-10 01:00:01,-0.4351311146865373
2011-08-10 02:00:01,-0.5422749671954045
2011-08-10 03:00:01,-0.6536060529522643
2011-08-10 04:00:01,-0.43693578388661086
2011-08-10 05:00:01,0.16627885568100362
2011-08-10 06:00:01,0.04699177966378258
2011-08-10 07:00:01,0.8666571183729005
2011-08-10 08:00:01,1.4065265311676722
2011-08-10 09:00:01,1.404539604575955
2011-08-10 10:00:01,0.43181391425413496
2011-08-10 11:00:01,0.9275988197707359
2011-08-10 12:00:01,0.3458299118472841
2011-08-10 13:00:01,0.974092719388709
2011-08-10 14:00:01,0.9436785582989766
2011-08-10 15:00:01,1.8094543814679045
2011-08-10 17:00:01,0.8083705691741594
2011-08-10 18:00:01,0.8102450399469333
2011-08-10 19:00:01,-0.17477905786781694
2011-08-10 20:00:01,0.5394244438260852
2011-08-10 21:00:01,1.130804683964457
2011-08-10 22:00:01,0.9391841190540721
2011-08-10 23:00:01,0.40373400999454323
2011-08-11 00:00:01,-0.24791348992480575
2011-08-11 01:00:01,-0.03480589554425839
2011-08-11 02:00:01,-0.7912676462910283
2011-08-11 03:00:01,-0.8915764866134742
2011-08-11 04:00:01,-0.5041053486383754
2011-08-11 05:00:01,-0.09580351435276376
2011-08-11 06:00:01,0.29351208057533135
2011-08-11 07:00:01,1.2767587754777088
2011-08-11 08:00:01,1.6937747711155569
2011-08-11 09:00:01,1.9818691912316366
2011-08-11 10:00:01,1.5375531898352104
2011-08-11 11:00:01,0.6149140526629953
2011-08-11 12:00:01,1.4699034593057299
2011-08-11 13:00:01,1.0412539302026365
2011-08-11 14:00:01,0.8142605356427397
2011-08-11 15:00:01,0.43725085195085084
2011-08-11 16:00:01,-0.047025844333215154
2011-08-11 17:00:01,0.8952409543573688
2011-08-11 18:00:01,0.5828542712283514
2011-08-11 19:00:01,0.4543920617943597
2011-08-11 20:00:01,-0.07351878538125532
2011-08-11 21:00:01,-0.44822250095282234
2011-08-11 22:00:01,-0.0213903384871751
2011-08-11 23:00:01,-0.09556436564200857
2011-08-12 00:00:01,-0.6750985347780624
2011-08-12 01:00:01,-0.37722629535676566
2011-08-12 02:00:01,-0.6433065460644921
2011-08-12 03:00:01,-0.5973883632280053
2011-08-12 04:00:01,0.19739362029906837
2011-08-12 05:00:01,0.6442454961862802
2011-08-12 06:00:01,0.6510272904192285
2011-08-12 07:00:01,1.5654756052020797
2011-08-12 08:00:01,3.4603690926868067
2011-08-12 09:00:01,2.144336685992858
2011-08-12 10:00:01,1.1175237389165489
2011-08-12 11:00:01,1.2716824699520923
2011-08-12 12:00:01,0.8436503848246183
2011-08-12 13:00:01,1.8528538801576975
2011-08-12 14:00:01,1.3125868746065854
2011-08-12 15:00:01,1.687951942382068
2011-08-12 16:00:01,1.0452148386869704
2011-08-12 17:00:01,0.4612140575088324
2011-08-12 18:00:01,0.3248307864584668
2011-08-12 19:00:01,1.1329193198544454
2011-08-12 20:00:01,0.7489402172465531
2011-08-12 21:00:01,0.043287959247761625
2011-08-12 22:00:01,-0.20166873983214992
2011-08-12 23:00:01,0.3859298852244129
2011-08-13 00:00:01,0.2904889879337655
2011-08-13 01:00:01,0.39691934517317246
2011-08-13 02:00:01,-0.3956512207580117
2011-08-13 03:00:01,-0.7027795142824582
2011-08-13 04:00:01,-0.2731188939646049
2011-08-13 05:00:01,0.10174883327226941
2011-08-13 06:00:01,1.3398551059373958
2011-08-13 07:00:01,2.4649064018980886
2011-08-13 08:00:01,2.9168907048864003
2011-08-13 09:00:01,1.9527761980213902
2011-08-13 10:00:01,1.2272823142713114
2011-08-13 11:00:01,0.7941134639481043
2011-08-13 12:00:01,2.2093649749694406
2011-08-13 13:00:01,2.6350680041298546
2011-08-13 14:00:01,3.121172686616183
2011-08-13 15:00:01,2.0403939985624855
2011-08-13 16:00:01,1.905157366644143
2011-08-13 17:00:01,1.1381053103188106
2011-08-13 18:00:01,0.5971686443852866
2011-08-13 19:00:01,0.5703369258588324
2011-08-13 20:00:01,0.28132342276732675
2011-08-13 21:00:01,0.1195091778803681
2011-08-13 22:00:01,-0.23484537752525247
2011-08-13 23:00:01,-0.12912417376055332
2011-08-14 00:00:01,0.06380333555616978
2011-08-14 01:00:01,-0.05098704340152008
2011-08-14 02:00:01,-0.2482458037940178
2011-08-14 03:00:01,-0.2564594652919013
2011-08-14 04:00:01,-0.0233724719109646
2011-08-14 05:00:01,0.6468801959404636
2011-08-14 06:00:01,1.9752309954972858
2011-08-14 07:00:01,2.6618292684511613
2011-08-14 08:00:01,2.2511423394724948
2011-08-14 09:00:01,1.0194115653518538
2011-08-14 10:00:01,0.8871063177619248
2011-08-14 11:00:01,1.0340689825669298
2011-08-14 12:00:01,1.0125490585376131
2011-08-14 13:00:01,1.5221272873597542
2011-08-14 14:00:01,2.220030098022239
2011-08-14 15:00:01,1.4064648253752925
2011-08-14 16:00:01,1.1385041913870895
2011-08-14 17:00:01,0.6392869842589997
2011-08-14 18:00:01,0.3605083202187031
2011-08-14 19:00:01,0.007063838876000972
2011-08-14 20:00:01,-0.35262401655616216
2011-08-14 21:00:01,0.03732015772337705
2011-08-14 22:00:01,0.39993901475868376
2011-08-14 23:00:01,-0.13985031574420714
2011-08-15 00:00:01,-0.3872288363366381
2011-08-15 01:00:01,-0.7431430230245523
2011-08-15 02:00:01,-1.1348447905251535
2011-08-15 03:00:01,-1.1941585509339891
2011-08-15 04:00:01,-0.5136911604086806
2011-08-15 05:00:01,0.6895569304940813
2011-08-15 06:00:01,1.5120958538863205
2011-08-15 07:00:01,1.7514742651781083
2011-08-15 08:00:01,3.1629464990036964
2011-08-15 09:00:01,1.7083413886223544
2011-08-15 10:00:01,0.7192918169664021
2011-08-15 11:00:01,1.3479485778044396
2011-08-15 12:00:01,1.104407336886649
2011-08-15 13:00:01,1.4959093292916679
2011-08-15 14:00:01,2.197990583317196
2011-08-15 15:00:01,2.105421607908789
2011-08-15 16:00:01,1.6955118747126146
2011-08-15 17:00:01,1.2867784238306248
2011-08-15 18:00:01,1.409245225966489
2011-08-15 19:00:01,0.8769726827245651
2011-08-15 20:00:01,0.6828525917284676
2011-08-15 21:00:01,0.5649161136305447
2011-08-16 00:00:01,0.3278297210498135
2011-08-16 01:00:01,-0.2065850760057556
2011-08-16 02:00:01,-0.7654489683557228
2011-08-16 03:00:01,-1.2347113455501106
2011-08-16 04:00:01,-0.8797644903397086
2011-08-16 05:00:01,0.22279031450701578
2011-08-16 06:00:01,0.7577494699248675
2011-08-16 07:00:01,2.333156902779393
2011-08-16 08:00:01,2.191930566521662
2011-08-16 09:00:01,1.2714206045480971
2011-08-16 10:00:01,1.1167203589714594
2011-08-16 11:00:01,1.627540670848266
2011-08-16 12:00:01,1.6349998137088957
2011-08-16 13:00:01,2.1340822892854594
2011-08-16 14:00:01,2.78726773650694
2011-08-16 15:00:01,1.7227413931191342
2011-08-16 16:00:01,1.62645050889464
2011-08-16 17:00:01,0.85331441087452
2011-08-16 18:00:01,0.5576252730864838
2011-08-16 19:00:01,0.46712806580590377
2011-08-16 20:00:01,-0.04725208430837899
2011-08-16 21:00:01,0.2679376605143245
2011-08-16 22:00:01,-0.03755358167550781
2011-08-16 23:00:01,-0.2666145137351556
2011-08-17 00:00:01,-0.38856223000081574
2011-08-17 01:00:01,-0.7901743771346508
2011-08-17 02:00:01,-1.026705542116139
2011-08-17 03:00:01,-1.3292847980215856
2011-08-17 04:00:01,-0.8259483035426204
2011-08-17 05:00:01,-0.2304789045650225
2011-08-17 06:00:01,-0.39671264139526935
2011-08-17 07:00:01,0.5373971773244626
2011-08-17 08:00:01,0.988560398908891
2011-08-17 09:00:01,0.7927332163832927
2011-08-17 10:00:01,0.5398902104401625
2011-08-17 11:00:01,0.4388673643265224
2011-08-17 12:00:01,0.3913195309060839
2011-08-17 13:00:01,0.6675203400404058
2011-08-17 14:00:01,0.254334892399019
2011-08-17 15:00:01,1.3752649315723393
2011-08-17 16:00:01,1.3180281303556143
2011-08-17 17:00:01,0.26121152276240495
2011-08-17 18:00:01,0.8318189914555737
2011-08-17 19:00:01,0.15861553700680836
2011-08-17 20:00:01,0.23471234718649234
2011-08-17 21:00:01,0.020517166512620904
2011-08-17 22:00:01,-0.20485913914660153
2011-08-17 23:00:01,-0.5840658458840324
2011-08-18 00:00:01,-0.827543592632763
2011-08-18 01:00:01,-0.9198795465992695
2011-08-18 02:00:01,-1.2203710534177288
2011-08-18 03:00:01,-1.707227962565798
2011-08-18 04:00:01,-1.1923470724332608
2011-08-18 05:00:01,-0.19212101289070613
2011-08-18 06:00:01,-0.6396786731299762
2011-08-18 07:00:01,1.1196409843104882
2011-08-18 08:00:01,2.1079081394860886
2011-08-18 09:00:01,1.2806083626687847
2011-08-18 10:00:01,1.515405332018717
2011-08-18 11:00:01,0.7362066094483678
2011-08-18 12:00:01,0.9727336246233199
2011-08-18 13:00:01,1.1251476619823881
2011-08-18 14:00:01,1.6096940946091622
2011-08-18 15:00:01,1.7726133833753224
2011-08-18 16:00:01,1.2012800113140594
2011-08-18 17:00:01,0.6639805219445158
2011-08-18 18:00:01,0.3234610373032496
2011-08-18 19:00:01,0.2397014902102802
2011-08-18 20:00:01,0.035747016183923376
2011-08-18 21:00:01,0.18615228156522212
2011-08-18 22:00:01,0.22288177828016317
2011-08-18 23:00:01,-0.26708140453059165
2011-08-19 00:00:01,-0.46749349736278395
2011-08-19 01:00:01,-0.9119983425044339
2011-08-19 02:00:01,-0.8472492650931059
2011-08-19 03:00:01,-1.4291604923082413
2011-08-19 04:00:01,-0.5802725621850947
2011-08-19 05:00:01,-0.2083266501131309
2011-08-19 06:00:01,-0.14538359401124132
2011-08-19 07:00:01,1.2751212414078417
2011-08-19 08:00:01,2.144564860318601
2011-08-19 09:00:01,1.4614219967022046
2011-08-19 10:00:01,1.5115857442353322
2011-08-19 11:00:01,1.3350291601017816
2011-08-19 12:00:01,1.7900511526175147
2011-08-19 13:00:01,2.59115592216374
2011-08-19 14:00:01,1.651345895824455
2011-08-19 15:00:01,1.6795813108947988
2011-08-19 16:00:01,1.0052453604607476
2011-08-19 17:00:01,-0.013880900643629608
2011-08-19 18:00:01,-0.04117535918651586
2011-08-19 19:00:01,0.35534832114303666
2011-08-19 20:00:01,0.09246068753608276
2011-08-19 21:00:01,-0.12348024750950198
2011-08-19 22:00:01,-0.01582193020718413
2011-08-19 23:00:01,-0.6239710226864109
2011-08-20 00:00:01,-0.7357123570135948
2011-08-20 01:00:01,-0.8700388429271761
2011-08-20 02:00:01,-1.1448887854861853
2011-08-20 03:00:01,-1.5584646461798632
2011-08-20 04:00:01,-0.9599606322258128
2011-08-20 05:00:01,0.29421825112448663
2011-08-20 06:00:01,-0.19194663445173737
2011-08-20 07:00:01,1.0965775219874836
2011-08-20 08:00:01,1.6870025044256869
2011-08-20 09:00:01,1.1921838014348116
2011-08-20 10:00:01,0.4852497676960278
2011-08-20 11:00:01,0.6422508980709905
2011-08-20 12:00:01,1.586675030261555
2011-08-20 13:00:01,2.068436321340038
2011-08-20 14:00:01,1.566714959625523
2011-08-20 15:00:01,1.2725773548519579
2011-08-20 16:00:01,1.2204113412377762
2011-08-20 17:00:01,-0.015548998508135667
2011-08-20 18:00:01,-0.3540270161373172
2011-08-20 19:00:01,-0.38611361039627384
2011-08-20 20:00:01,-0.30550332080163856
2011-08-20 21:00:01,-0.40379576238589715
2011-08-20 22:00:01,-0.2309993663670815
2011-08-20 23:00:01,-0.21087494747634816
2011-08-21 00:00:01,-0.6974075764102684
2011-08-21 01:00:01,-0.6248577946662152
2011-08-21 02:00:01,-1.1157066579924253
2011-08-21 03:00:01,-1.4213664678075368
2011-08-21 04:00:01,-0.7846417487457268
2011-08-21 05:00:01,0.4192461556935284
2011-08-21 06:00:01,-0.2323791904934403
2011-08-21 07:00:01,1.0539306094255303
2011-08-21 08:00:01,2.077656296568757
2011-08-21 09:00:01,0.9547388752560496
2011-08-21 10:00:01,0.42631958066404274
2011-08-21 11:00:01,0.2863702684268402
2011-08-21 12:00:01,0.5946155279859117
2011-08-21 13:00:01,0.5718733822466834
2011-08-21 14:00:01,0.7586570019428402
2011-08-21 15:00:01,0.822607045161892
2011-08-21 16:00:01,0.3350979633459935
2011-08-21 17:00:01,-0.29577791384059743
2011-08-21 18:00:01,-0.534014542111844
2011-08-21 19:00:01,-0.34490960853835684
2011-08-21 20:00:01,-0.5028149247980124
2011-08-21 21:00:01,-0.5650193658987809
2011-08-21 22:00:01,-0.8569684607083589
2011-08-21 23:00:01,-0.9814747699754911
2011-08-22 00:00:01,-1.083102095883685
2011-08-22 01:00:01,-1.2469206784239686
2011-08-22 02:00:01,-1.5683894600596875
2011-08-22 03:00:01,-1.6042668053296714
2011-08-22 04:00:01,-1.1266320976701558
2011-08-22 05:00:01,0.036440803841514706
2011-08-22 06:00:01,-0.36341190195008655
2011-08-22 07:00:01,0.6613323678055822
2011-08-22 08:00:01,3.3560452645456516
2011-08-22 09:00:01,1.5508683927794862
2011-08-22 10:00:01,1.4731847507632763
2011-08-22 11:00:01,0.8226430994844824
2011-08-22 12:00:01,1.050524829879458
2011-08-22 13:00:01,1.1733562297489049
2011-08-22 14:00:01,0.7475485751196005
2011-08-22 15:00:01,1.2739302194804032
2011-08-22 16:00:01,0.4622860487287848
2011-08-22 17:00:01,0.5020527789491023
2011-08-22 18:00:01,0.5094693711372119
2011-08-22 19:00:01,0.34781295266036394
2011-08-22 20:00:01,-0.11624598734695453
2011-08-22 21:00:01,0.19616628275768824
2011-08-22 22:00:01,-0.06857701754813436
2011-08-22 23:00:01,-0.781401828603669
2011-08-23 00:00:01,-0.938807972376747
2011-08-23 01:00:01,-1.1410037132099455
2011-08-23 02:00:01,-1.3045260350443542
2011-08-23 03:00:01,-1.4158204850171627
2011-08-23 04:00:01,-0.6454098663223107
2011-08-23 05:00:01,-0.2257833294074356
2011-08-23 06:00:01,0.26629433878023867
2011-08-23 07:00:01,1.1644113269226783
2011-08-23 08:00:01,3.258625961761769
2011-08-23 09:00:01,2.3499835998429677
2011-08-23 10:00:01,1.6754527260012746
2011-08-23 11:00:01,0.8030257093579057
2011-08-23 12:00:01,0.42120912593309373
2011-08-23 13:00:01,0.5646003259101017
2011-08-23 14:00:01,0.9462739539101183
2011-08-23 15:00:01,1.2214214879404839
2011-08-23 16:00:01,0.6848856731708369
2011-08-23 17:00:01,0.09638474050910605
2011-08-23 18:00:01,-0.10419895793099705
2011-08-23 19:00:01,-0.25653679172346794
2011-08-23 20:00:01,-0.29472233754936994
2011-08-23 21:00:01,-0.36691274624541087
2011-08-23 22:00:01,0.0061596514051183385
2011-08-23 23:00:01,-0.3413987084306875
2011-08-24 00:00:01,0.0849395859822187
2011-08-24 01:00:01,-0.7974583977876479
2011-08-24 02:00:01,-1.0941548750907675
2011-08-24 03:00:01,-1.323933373127445
2011-08-24 04:00:01,-0.8629471204345693
2011-08-24 05:00:01,-0.2735546964259038
2011-08-24 06:00:01,0.1553839497285047
2011-08-24 07:00:01,1.1509297886256533
2011-08-24 08:00:01,2.825278506095357
2011-08-24 09:00:01,2.6489952264301913
2011-08-24 10:00:01,0.03566328376482019
2011-08-24 11:00:01,0.9619397383902136
2011-08-24 12:00:01,0.8724752184237321
2011-08-24 12:00:01,0.5227097060003972
2011-08-24 13:00:01,1.2000478873942344
2011-08-24 14:00:01,0.5951270295403482
2011-08-24 15:00:01,0.7876449663177105
2011-08-24 16:00:01,0.1711091151216719
2011-08-24 17:00:01,0.9834482215762366
2011-08-24 18:00:01,1.0580519038960197
2011-08-24 19:00:01,0.4901885986297728
2011-08-24 20:00:01,-0.06683764984505962
2011-08-24 21:00:01,-0.031809539266745526
2011-08-24 22:00:01,-0.5399213932020722
2011-08-24 23:00:01,-0.3738093102452448
2011-08-25 00:00:01,-0.6170334585601644
2011-08-25 01:00:01,-0.8245149797940919
2011-08-25 02:00:01,-1.057628680095255
2011-08-25 03:00:01,-1.0653320396129775
2011-08-25 04:00:01,-1.0653320396129775
2011-08-25 05:00:01,-0.6616719207651727
2011-08-25 06:00:01,-0.02689916649825129
2011-08-25 07:00:01,1.4465967579786678
2011-08-25 08:00:01,1.7735432045566035
2011-08-25 09:00:01,2.5007716699811633
2011-08-25 10:00:01,0.5643177246817861
2011-08-25 11:00:01,1.122048753993343
2011-08-25 12:00:01,1.3719961955303974
2011-08-25 13:00:01,1.4503445016695484
2011-08-25 14:00:01,0.7776029894284111
2011-08-25 15:00:01,0.6348636216281098
2011-08-25 16:00:01,0.35013026904684985
2011-08-25 17:00:01,0.03684150182305869
2011-08-25 18:00:01,0.00932736461458462
2011-08-25 19:00:01,0.42900977546371544
2011-08-25 20:00:01,-0.16613132157428595
2011-08-25 21:00:01,-0.27333180574157456
2011-08-25 22:00:01,-0.07365200807232351
2011-08-25 23:00:01,-0.4861469539883215
2011-08-26 00:00:01,-0.8656355857689328
2011-08-26 01:00:01,-0.9739634502175268
2011-08-26 02:00:01,-1.0632305798663975
2011-08-26 03:00:01,-1.397203502852801
2011-08-26 04:00:01,-0.6610059293989795
2011-08-26 05:00:01,-0.28096158478154687
2011-08-26 06:00:01,0.12346300081211291
2011-08-26 07:00:01,1.8797232003864015
2011-08-26 08:00:01,2.1855572538944323
2011-08-26 09:00:01,1.483211957056744
2011-08-26 10:00:01,2.232988827754413
2011-08-26 11:00:01,0.5792458204657305
2011-08-26 12:00:01,0.8833129516463639
2011-08-26 13:00:01,1.2930745881775951
2011-08-26 14:00:01,0.8910054685988261
2011-08-26 15:00:01,1.2827665870438967
2011-08-26 16:00:01,1.0875646643755512
2011-08-26 17:00:01,0.650345889092416
2011-08-26 18:00:01,0.4792723488532085
2011-08-26 19:00:01,0.2490754198569791
2011-08-26 20:00:01,0.16668344439246838
2011-08-26 21:00:01,0.05809579886689132
2011-08-26 22:00:01,-0.18298667190144435
2011-08-26 23:00:01,-0.005047444375153068
2011-08-27 00:00:01,-0.4985836072576629
2011-08-27 01:00:01,-0.4825136905328736
2011-08-27 02:00:01,-0.666891418072631
2011-08-27 03:00:01,-0.7957179068638234
2011-08-27 04:00:01,-0.18246476679154097
2011-08-27 05:00:01,-0.11032826229084582
2011-08-27 06:00:01,0.25373157069766383
2011-08-27 07:00:01,0.9858367489136383
2011-08-27 08:00:01,1.8341992220930006
2011-08-27 09:00:01,1.3475947546553
2011-08-27 10:00:01,0.5009018882957763
2011-08-27 11:00:01,1.568865501862935
2011-08-27 12:00:01,0.9699023069664733
2011-08-27 13:00:01,0.8925630838343728
2011-08-27 14:00:01,0.7389998314902654
2011-08-27 15:00:01,0.5612857767449696
2011-08-27 16:00:01,0.4913697398127402
2011-08-27 17:00:01,0.05677793444181279
2011-08-27 18:00:01,-0.04380441830289764
2011-08-27 19:00:01,-0.09929417193805563
2011-08-27 20:00:01,-0.09816013648330452
2011-08-27 21:00:01,-0.19000447632775608
2011-08-27 22:00:01,-0.46695864696081146
2011-08-27 23:00:01,-0.5846495334392897
2011-08-28 00:00:01,-0.861541856966795
2011-08-28 01:00:01,-1.1583556520974065
2011-08-28 02:00:01,-1.2773852143634778
2011-08-28 03:00:01,-1.5976425380372372
2011-08-28 04:00:01,-0.9964328706639402
2011-08-28 05:00:01,-0.7669550541645953
2011-08-28 06:00:01,0.13493053564149024
2011-08-28 07:00:01,-0.14521542508282517
2011-08-28 08:00:01,2.022340659182869
2011-08-28 09:00:01,0.673774751523659
2011-08-28 10:00:01,0.3798822876100853
2011-08-28 11:00:01,0.04819857270196958
2011-08-28 12:00:01,0.4282287400947936
2011-08-28 13:00:01,0.7349038874100615
2011-08-28 14:00:01,0.8408405691067553
2011-08-28 15:00:01,0.5441645969456125
2011-08-28 16:00:01,0.28950766528721644
2011-08-28 17:00:01,-0.12447938050155964
2011-08-28 18:00:01,-0.20706942443154114
2011-08-28 19:00:01,-0.5266797359965159
2011-08-28 20:00:01,-0.8151291657581015
2011-08-28 21:00:01,-0.9069332247315073
2011-08-28 22:00:01,-1.037115825934751
2011-08-28 23:00:01,-0.8865254870500154
2011-08-29 00:00:01,-1.2387920903690166
2011-08-29 01:00:01,-1.3729224508784061
2011-08-29 02:00:01,-1.5633881386145279
2011-08-29 03:00:01,-1.7629681969898487
2011-08-29 04:00:01,-1.2205840331429028
2011-08-29 05:00:01,-0.7135169163342149
2011-08-29 06:00:01,-0.42818536270093294
2011-08-29 07:00:01,0.8236995447139895
2011-08-29 08:00:01,1.6758007119437186
2011-08-29 09:00:01,1.075759738103789
2011-08-29 10:00:01,1.4485517034636195
2011-08-29 11:00:01,0.44340484323501306
2011-08-29 12:00:01,-0.15202240852846
2011-08-29 13:00:01,0.6573147870563775
2011-08-29 14:00:01,0.26663120817359115
2011-08-29 15:00:01,0.8148811975964281
2011-08-29 16:00:01,0.7150641747218017
2011-08-29 17:00:01,0.009338897012138341
2011-08-29 18:00:01,-0.2267626992028032
2011-08-29 19:00:01,0.22599170340721383
2011-08-29 20:00:01,-0.4315164188975455
2011-08-29 21:00:01,-0.37998780138713867
2011-08-29 22:00:01,-0.4376335463451265
2011-08-29 23:00:01,-0.5252849332018514
2011-08-30 00:00:01,-0.7621942960650677
2011-08-30 01:00:01,-1.2398015263313786
2011-08-30 02:00:01,-1.4090890136959229
2011-08-30 03:00:01,-1.4785573129098013
2011-08-30 04:00:01,-0.2781637237611917
2011-08-30 05:00:01,0.22480622377383333
2011-08-30 06:00:01,0.6267533709011925
2011-08-30 07:00:01,1.3664000053355174
2011-08-30 08:00:01,1.50841053934949
2011-08-30 09:00:01,1.5525353998496976
2011-08-30 10:00:01,0.41561436013630787
2011-08-30 11:00:01,0.24841047113904366
2011-08-30 12:00:01,0.24470420487824127
2011-08-30 13:00:01,0.20311121111666247
2011-08-30 14:00:01,0.1439793976777551
2011-08-30 15:00:01,0.18042077046791566
2011-08-30 16:00:01,0.5243938713410605
2011-08-30 17:00:01,-0.008148986921047355
2011-08-30 18:00:01,0.30047871301608237
2011-08-30 19:00:01,-0.011224767319673671
2011-08-30 20:00:01,-0.7848968748489401
2011-08-30 21:00:01,-1.0802239301639747
2011-08-30 22:00:01,-0.37285230073969694
2011-08-30 23:00:01,-0.6082905294125737
2011-08-31 00:00:01,-0.2360543956136186
2011-08-31 01:00:01,-0.6544753533462169
2011-08-31 02:00:01,-1.0504179554821502
2011-08-31 03:00:01,-1.103064086342581
2011-08-31 04:00:01,-0.4277212817051456
2011-08-31 05:00:01,0.23030498662738855
2011-08-31 06:00:01,0.7179809565608121
2011-08-31 07:00:01,0.7010586762864099
2011-08-31 08:00:01,1.6152574890778306
2011-08-31 09:00:01,1.3522584526741666
2011-08-31 10:00:01,0.95035124778272
2011-08-31 11:00:01,0.8321655783196572
2011-08-31 12:00:01,1.1631425507609758
2011-08-31 13:00:01,0.4599493210899097
2011-08-31 14:00:01,1.0540037384797027
2011-08-31 15:00:01,0.33250651482638066
2011-08-31 16:00:01,0.26678792938028495
2011-08-31 17:00:01,-0.06327931036979613
2011-08-31 18:00:01,0.27381277826353856
2011-08-31 19:00:01,1.3078786928098518
2011-08-31 20:00:01,1.898616703176806
2011-08-31 21:00:01,2.078775894818007
2011-08-31 22:00:01,2.4291236548597785
2011-08-31 23:00:01,2.1228679275124347
2011-09-01 00:00:01,0.7433425375160425
2011-09-01 01:00:01,0.166754019652034
2011-09-01 02:00:01,-0.8881427242727415
2011-09-01 03:00:01,-0.9640546630917822
2011-09-01 04:00:01,1.0358725447135255
2011-09-01 05:00:01,1.7692640771533548
2011-09-01 06:00:01,2.4360100136341543
2011-09-01 07:00:01,2.62800261194867
2011-09-01 08:00:01,2.7412228724363916
2011-09-01 09:00:01,2.0380540533902667
2011-09-01 10:00:01,2.368992756091582
2011-09-01 11:00:01,1.579225461936718
2011-09-01 12:00:01,0.755283906496753
2011-09-01 13:00:01,0.7605740959970674
2011-09-01 14:00:01,1.0925505353129392
2011-09-01 15:00:01,0.6748680446151902
2011-09-01 16:00:01,0.5213922249587825
2011-09-01 17:00:01,0.09851049534970616
2011-09-01 18:00:01,0.08346253704275752
2011-09-02 15:00:01,0.7001903229394476
2011-09-02 16:00:01,0.5611187805590264
2011-09-02 17:00:01,-0.07009056966917673
2011-09-02 18:00:01,0.2377029684256969
2011-09-02 19:00:01,-0.069148074303764
2011-09-02 20:00:01,0.19197064637626785
2011-09-02 21:00:01,0.2290153902027215
2011-09-02 22:00:01,0.8208249956277043
2011-09-02 23:00:01,1.2306358036750191
2011-09-03 00:00:01,0.5713546000828323
2011-09-03 01:00:01,0.2585986572168267
2011-09-03 02:00:01,-0.00653580293408809
2011-09-03 03:00:01,-0.7571938190152426
2011-09-03 04:00:01,-0.4232019754337556
2011-09-03 05:00:01,0.7609109927558937
2011-09-03 06:00:01,0.702181962292632
2011-09-03 07:00:01,0.3654815719371278
2011-09-03 08:00:01,1.3902214163814652
2011-09-03 09:00:01,1.7004677935908061
2011-09-03 10:00:01,0.6923098157391551
2011-09-03 11:00:01,0.7010586762864099
2011-09-03 12:00:01,1.0234006611336535
2011-09-03 13:00:01,1.1360745518878996
2011-09-03 14:00:01,0.9890108323783887
2011-09-03 15:00:01,0.7455471225610012
2011-09-03 16:00:01,0.6196322145856378
2011-09-03 17:00:01,0.3036294319700466
2011-09-03 18:00:01,0.012627751717299877
2011-09-03 19:00:01,-0.05927090026512216
2011-09-03 20:00:01,-0.11034285762905442
2011-09-03 21:00:01,-0.20194876330105718
2011-09-03 22:00:01,-0.21005228056792755
2011-09-03 23:00:01,-0.23313697978804096
2011-09-04 00:00:01,-0.3623996586281397
2011-09-04 01:00:01,-0.23267089273405314
2011-09-04 02:00:01,-0.43993710350201004
2011-09-04 03:00:01,-0.7705402971022958
2011-09-04 04:00:01,0.049257054124311334
2011-09-04 05:00:01,0.6676077824824295
2011-09-04 06:00:01,0.6444715615620146
2011-09-04 07:00:01,1.2247806387655231
2011-09-04 08:00:01,1.5260142597011634
2011-09-04 09:00:01,1.2794280203323138
2011-09-04 10:00:01,1.3793142756608099
2011-09-04 11:00:01,0.5805854925344479
2011-09-04 12:00:01,0.6903380263160916
2011-09-04 13:00:01,1.0433818275848827
2011-09-04 14:00:01,1.2948929602930996
2011-09-04 15:00:01,0.8122786831671917
2011-09-04 16:00:01,0.7017565243813644
2011-09-04 17:00:01,0.3195709951961238
2011-09-04 18:00:01,0.2064275815533754
2011-09-04 19:00:01,0.07193000618977882
2011-09-04 20:00:01,-0.2821846899455955
2011-09-04 21:00:01,-0.5396538391565504
2011-09-04 22:00:01,-0.28064926699424364
2011-09-04 23:00:01,-0.7028184562851145
2011-09-05 00:00:01,-0.729243464576209
2011-09-05 01:00:01,-0.8002912160538022
2011-09-05 02:00:01,-1.0854071655863222
2011-09-05 03:00:01,-1.6790254643502054
2011-09-05 04:00:01,-0.6733236222690514
2011-09-05 05:00:01,0.47879874850916093
2011-09-05 06:00:01,0.3752519434782142
2011-09-05 07:00:01,0.3520020021752877
2011-09-05 08:00:01,2.186807930834403
2011-09-05 09:00:01,1.553271533072176
2011-09-05 10:00:01,1.130736038519265
2011-09-05 11:00:01,0.8837443987843453
2011-09-05 12:00:01,0.660065607853692
2011-09-05 13:00:01,0.7520597880062603
2011-09-05 14:00:01,0.9392863549211962
2011-09-05 15:00:01,0.5890283086260979
2011-09-05 16:00:01,0.41418781632762347
2011-09-05 17:00:01,-0.09860371480386151
2011-09-05 18:00:01,-0.20081348420264836
2011-09-05 19:00:01,-0.3195539117943952
2011-09-05 20:00:01,-0.6117424145366216
2011-09-05 21:00:01,-0.5705304851026526
2011-09-05 22:00:01,-0.7492094086996842
2011-09-05 23:00:01,-0.6814330831447961
2011-09-06 00:00:01,-0.8259996274139707
2011-09-06 01:00:01,-0.9690227964853081
2011-09-06 02:00:01,-1.5058628926447182
2011-09-06 03:00:01,-1.630881436291726
2011-09-06 04:00:01,-0.05640442807905588
2011-09-06 05:00:01,0.005818161101043343
2011-09-06 06:00:01,0.1323699959942471
2011-09-06 07:00:01,1.4339348585722587
2011-09-06 08:00:01,1.1521844684257945
2011-09-06 09:00:01,1.5482379588371347
2011-09-06 10:00:01,1.084370750963703
2011-09-06 11:00:01,0.43156607639776423
2011-09-06 12:00:01,0.2774709215832292
2011-09-06 13:00:01,0.4282347229640796
2011-09-06 14:00:01,0.43205155335729334
2011-09-06 15:00:01,0.37971727487247225
2011-09-06 16:00:01,0.30098813977546723
2011-09-06 17:00:01,-0.21021138455429025
2011-09-06 18:00:01,0.3089843764524678
2011-09-06 19:00:01,0.013528791951196101
2011-09-06 20:00:01,-0.26602188021983986
2011-09-06 21:00:01,-0.07899313804866541
2011-09-06 22:00:01,-0.12248483171824275
2011-09-06 23:00:01,-0.4780031549994963
2011-09-07 00:00:01,-0.5764738424223174
2011-09-07 01:00:01,-1.0634530032533953
2011-09-07 02:00:01,-1.5525051529347793
2011-09-07 03:00:01,-1.5427106890117155
2011-09-07 04:00:01,-1.0781411482691654
2011-09-07 05:00:01,-0.36175174778443225
2011-09-07 06:00:01,0.274277817068686
2011-09-07 07:00:01,-0.023447670986795874
2011-09-07 08:00:01,1.4763172630497068
2011-09-07 09:00:01,0.6795705627669637
2011-09-07 10:00:01,1.0010969549297226
2011-09-07 11:00:01,-0.21228920179482386
2011-09-07 12:00:01,-0.12351498008268855
2011-09-07 13:00:01,-0.1666721443351866
2011-09-07 14:00:01,-0.4873082307875741
2011-09-07 15:00:01,0.22249105843808473
